{
  "figure": "Fig9",
  "title": "Figure 9. Schematic of Multiscale Biophysical Interactions",
  "canvas": {
    "width": 1.0,
    "height": 1.0
  },
  "nodes": [
    {
      "id": "tumor",
      "type": "circle",
      "xy": [
        0.12,
        0.55
      ],
      "r": 0.07,
      "label": "Tumor cells\n(T)",
      "subtitle": "Proton source\n$q_T T$"
    },
    {
      "id": "protons",
      "type": "circle",
      "xy": [
        0.26,
        0.55
      ],
      "r": 0.06,
      "label": "Protons\n(H$^+$)",
      "subtitle": "Acidity field"
    },
    {
      "id": "acidity",
      "type": "box",
      "xy": [
        0.45,
        0.62
      ],
      "wh": [
        0.24,
        0.16
      ],
      "label": "Acidity / pH field\n$a(\\mathbf{x},t)$",
      "subtitle": "Reaction\u2013diffusion\n$D\\nabla^2 a - k_{\\mathrm{eff}}a + q = 0$"
    },
    {
      "id": "diffusion",
      "type": "box",
      "xy": [
        0.45,
        0.38
      ],
      "wh": [
        0.24,
        0.12
      ],
      "label": "Spatial control\n$\\Lambda$",
      "subtitle": "$\\Lambda=\\sqrt{D/(k_{\\mathrm{eff}}R^2)}$"
    },
    {
      "id": "promoter",
      "type": "box",
      "xy": [
        0.73,
        0.62
      ],
      "wh": [
        0.22,
        0.16
      ],
      "label": "Acidity-responsive\npromoter",
      "subtitle": "$u(a)=\\frac{a^{n_a}}{K_a^{n_a}+a^{n_a}}$"
    },
    {
      "id": "alk",
      "type": "circle",
      "xy": [
        0.86,
        0.55
      ],
      "r": 0.065,
      "label": "Alkalinization\n(G)",
      "subtitle": "Neutralization\n$k_U G a$"
    },
    {
      "id": "immune",
      "type": "circle",
      "xy": [
        0.73,
        0.3
      ],
      "r": 0.07,
      "label": "Effector T cells\n(E)",
      "subtitle": "Killing\n$k_E T E$"
    },
    {
      "id": "supp",
      "type": "box",
      "xy": [
        0.45,
        0.18
      ],
      "wh": [
        0.24,
        0.12
      ],
      "label": "Immune suppression\n$S(a)$",
      "subtitle": "$S(a)=\\frac{a^m}{a_{50}^m+a^m}$"
    },
    {
      "id": "energy",
      "type": "box",
      "xy": [
        0.73,
        0.12
      ],
      "wh": [
        0.22,
        0.12
      ],
      "label": "Energetic feasibility\n$\\Psi$",
      "subtitle": "Metabolic burden\n$\\phi$ (e.g., ATP cost)"
    },
    {
      "id": "phase",
      "type": "box",
      "xy": [
        0.12,
        0.12
      ],
      "wh": [
        0.26,
        0.12
      ],
      "label": "Outcome regimes",
      "subtitle": "$\\Xi,\\Lambda,\\Psi$ define\nclearance / partial / failure"
    }
  ],
  "arrows": [
    {
      "from": "tumor",
      "to": "protons",
      "label": "proton production",
      "curve": 0.0
    },
    {
      "from": "protons",
      "to": "acidity",
      "label": "sets $a(\\mathbf{x},t)$",
      "curve": 0.0
    },
    {
      "from": "acidity",
      "to": "promoter",
      "label": "senses acidity",
      "curve": 0.0
    },
    {
      "from": "promoter",
      "to": "alk",
      "label": "drives expression",
      "curve": 0.0
    },
    {
      "from": "alk",
      "to": "acidity",
      "label": "neutralizes\n$k_U G a$",
      "curve": -0.25
    },
    {
      "from": "acidity",
      "to": "supp",
      "label": "induces suppression",
      "curve": 0.0
    },
    {
      "from": "supp",
      "to": "immune",
      "label": "reduces activity",
      "curve": 0.0
    },
    {
      "from": "immune",
      "to": "tumor",
      "label": "killing\n$k_E T E$",
      "curve": 0.25
    },
    {
      "from": "acidity",
      "to": "diffusion",
      "label": "spatial gradients",
      "curve": 0.0
    },
    {
      "from": "alk",
      "to": "energy",
      "label": "expression cost",
      "curve": 0.0
    },
    {
      "from": "diffusion",
      "to": "phase",
      "label": "$\\Lambda$",
      "curve": 0.0
    },
    {
      "from": "energy",
      "to": "phase",
      "label": "$\\Psi$",
      "curve": 0.0
    },
    {
      "from": "promoter",
      "to": "phase",
      "label": "$\\Xi$ via activation",
      "curve": 0.0
    }
  ],
  "style": {
    "font_size": 10,
    "subtitle_size": 8,
    "box_pad": 0.015,
    "arrow_width": 1.6,
    "arrow_head": 8
  }
}